municipality_code,municipality_name,polling_station_code,repeat_election_date,source_status
009,"Prijedor",009B001,2026-02-08,official_repeat_list
009,"Prijedor",009B059,2026-02-08,official_repeat_list
011,"Laktaši",011B001,2026-02-08,official_repeat_list
011,"Laktaši",011B002,2026-02-08,official_repeat_list
011,"Laktaši",011B004,2026-02-08,official_repeat_list
011,"Laktaši",011B005A,2026-02-08,official_repeat_list
011,"Laktaši",011B006,2026-02-08,official_repeat_list
011,"Laktaši",011B008,2026-02-08,official_repeat_list
011,"Laktaši",011B009A,2026-02-08,official_repeat_list
011,"Laktaši",011B009B,2026-02-08,official_repeat_list
011,"Laktaši",011B010,2026-02-08,official_repeat_list
011,"Laktaši",011B011,2026-02-08,official_repeat_list
011,"Laktaši",011B012,2026-02-08,official_repeat_list
011,"Laktaši",011B014A,2026-02-08,official_repeat_list
011,"Laktaši",011B015,2026-02-08,official_repeat_list
011,"Laktaši",011B016,2026-02-08,official_repeat_list
011,"Laktaši",011B018,2026-02-08,official_repeat_list
011,"Laktaši",011B019,2026-02-08,official_repeat_list
011,"Laktaši",011B020,2026-02-08,official_repeat_list
011,"Laktaši",011B022A,2026-02-08,official_repeat_list
011,"Laktaši",011B022B,2026-02-08,official_repeat_list
011,"Laktaši",011B025,2026-02-08,official_repeat_list
011,"Laktaši",011B032,2026-02-08,official_repeat_list
011,"Laktaši",011B039B,2026-02-08,official_repeat_list
011,"Laktaši",011B040,2026-02-08,official_repeat_list
011,"Laktaši",011B042,2026-02-08,official_repeat_list
034,"Banja Luka",034B238,2026-02-08,official_repeat_list
038,"Doboj",038B003B,2026-02-08,official_repeat_list
038,"Doboj",038B006,2026-02-08,official_repeat_list
038,"Doboj",038B007A,2026-02-08,official_repeat_list
038,"Doboj",038B009A,2026-02-08,official_repeat_list
038,"Doboj",038B009B,2026-02-08,official_repeat_list
038,"Doboj",038B012,2026-02-08,official_repeat_list
038,"Doboj",038B013,2026-02-08,official_repeat_list
038,"Doboj",038B014A,2026-02-08,official_repeat_list
038,"Doboj",038B021,2026-02-08,official_repeat_list
038,"Doboj",038B024,2026-02-08,official_repeat_list
038,"Doboj",038B025B,2026-02-08,official_repeat_list
038,"Doboj",038B027,2026-02-08,official_repeat_list
038,"Doboj",038B030,2026-02-08,official_repeat_list
038,"Doboj",038B031,2026-02-08,official_repeat_list
038,"Doboj",038B044,2026-02-08,official_repeat_list
038,"Doboj",038B052,2026-02-08,official_repeat_list
038,"Doboj",038B055,2026-02-08,official_repeat_list
038,"Doboj",038B056,2026-02-08,official_repeat_list
038,"Doboj",038B059B,2026-02-08,official_repeat_list
038,"Doboj",038B066,2026-02-08,official_repeat_list
038,"Doboj",038B068,2026-02-08,official_repeat_list
038,"Doboj",038B070,2026-02-08,official_repeat_list
038,"Doboj",038B071,2026-02-08,official_repeat_list
038,"Doboj",038B076,2026-02-08,official_repeat_list
038,"Doboj",038B077,2026-02-08,official_repeat_list
038,"Doboj",038B078,2026-02-08,official_repeat_list
038,"Doboj",038B079,2026-02-08,official_repeat_list
038,"Doboj",038B080,2026-02-08,official_repeat_list
038,"Doboj",038B081A,2026-02-08,official_repeat_list
038,"Doboj",038B081B,2026-02-08,official_repeat_list
038,"Doboj",038B085,2026-02-08,official_repeat_list
040,"Stanari",040B002,2026-02-08,official_repeat_list
054,"Lopare",054B009,2026-02-08,official_repeat_list
056,"Ugljevik",056B003,2026-02-08,official_repeat_list
081,"Osmaci",081B005,2026-02-08,official_repeat_list
083,"Zvornik",083B001,2026-02-08,official_repeat_list
083,"Zvornik",083B005,2026-02-08,official_repeat_list
083,"Zvornik",083B007,2026-02-08,official_repeat_list
083,"Zvornik",083B008,2026-02-08,official_repeat_list
083,"Zvornik",083B009,2026-02-08,official_repeat_list
083,"Zvornik",083B010,2026-02-08,official_repeat_list
083,"Zvornik",083B011,2026-02-08,official_repeat_list
083,"Zvornik",083B012,2026-02-08,official_repeat_list
083,"Zvornik",083B014,2026-02-08,official_repeat_list
083,"Zvornik",083B015,2026-02-08,official_repeat_list
083,"Zvornik",083B018,2026-02-08,official_repeat_list
083,"Zvornik",083B019,2026-02-08,official_repeat_list
083,"Zvornik",083B020,2026-02-08,official_repeat_list
083,"Zvornik",083B021A,2026-02-08,official_repeat_list
083,"Zvornik",083B021B,2026-02-08,official_repeat_list
083,"Zvornik",083B021C,2026-02-08,official_repeat_list
083,"Zvornik",083B021D,2026-02-08,official_repeat_list
083,"Zvornik",083B022,2026-02-08,official_repeat_list
083,"Zvornik",083B024,2026-02-08,official_repeat_list
083,"Zvornik",083B026A,2026-02-08,official_repeat_list
083,"Zvornik",083B026B,2026-02-08,official_repeat_list
083,"Zvornik",083B026C,2026-02-08,official_repeat_list
083,"Zvornik",083B027A,2026-02-08,official_repeat_list
083,"Zvornik",083B027B,2026-02-08,official_repeat_list
083,"Zvornik",083B028,2026-02-08,official_repeat_list
083,"Zvornik",083B029A,2026-02-08,official_repeat_list
083,"Zvornik",083B029B,2026-02-08,official_repeat_list
083,"Zvornik",083B030A,2026-02-08,official_repeat_list
083,"Zvornik",083B030B,2026-02-08,official_repeat_list
083,"Zvornik",083B031,2026-02-08,official_repeat_list
083,"Zvornik",083B032,2026-02-08,official_repeat_list
083,"Zvornik",083B033,2026-02-08,official_repeat_list
083,"Zvornik",083B034,2026-02-08,official_repeat_list
083,"Zvornik",083B035A,2026-02-08,official_repeat_list
083,"Zvornik",083B035B,2026-02-08,official_repeat_list
083,"Zvornik",083B037,2026-02-08,official_repeat_list
083,"Zvornik",083B038,2026-02-08,official_repeat_list
083,"Zvornik",083B039A,2026-02-08,official_repeat_list
083,"Zvornik",083B041,2026-02-08,official_repeat_list
083,"Zvornik",083B042A,2026-02-08,official_repeat_list
083,"Zvornik",083B043,2026-02-08,official_repeat_list
083,"Zvornik",083B044,2026-02-08,official_repeat_list
083,"Zvornik",083B045,2026-02-08,official_repeat_list
083,"Zvornik",083B046,2026-02-08,official_repeat_list
083,"Zvornik",083B048,2026-02-08,official_repeat_list
083,"Zvornik",083B050,2026-02-08,official_repeat_list
083,"Zvornik",083B051,2026-02-08,official_repeat_list
083,"Zvornik",083B055,2026-02-08,official_repeat_list
083,"Zvornik",083B056,2026-02-08,official_repeat_list
083,"Zvornik",083B057,2026-02-08,official_repeat_list
083,"Zvornik",083B058,2026-02-08,official_repeat_list
083,"Zvornik",083B064,2026-02-08,official_repeat_list
083,"Zvornik",083B072,2026-02-08,official_repeat_list
103,"Vlasenica",103B003,2026-02-08,official_repeat_list
104,"Bratunac",104B001,2026-02-08,official_repeat_list
104,"Bratunac",104B004,2026-02-08,official_repeat_list
104,"Bratunac",104B005,2026-02-08,official_repeat_list
104,"Bratunac",104B006,2026-02-08,official_repeat_list
104,"Bratunac",104B007,2026-02-08,official_repeat_list
104,"Bratunac",104B008,2026-02-08,official_repeat_list
104,"Bratunac",104B013,2026-02-08,official_repeat_list
104,"Bratunac",104B015,2026-02-08,official_repeat_list
104,"Bratunac",104B016,2026-02-08,official_repeat_list
104,"Bratunac",104B018,2026-02-08,official_repeat_list
104,"Bratunac",104B023,2026-02-08,official_repeat_list
104,"Bratunac",104B024B,2026-02-08,official_repeat_list
104,"Bratunac",104B025,2026-02-08,official_repeat_list
161,"Nevesinje",161B008,2026-02-08,official_repeat_list
164,"Gacko",164B017,2026-02-08,official_repeat_list
170,"Rudo",170B002,2026-02-08,official_repeat_list
180,"Bileća",180B011,2026-02-08,official_repeat_list
185,"Milići",185B008,2026-02-08,official_repeat_list
185,"Milići",185B011,2026-02-08,official_repeat_list
028,"Brčko Distrikt BiH",200C086,2026-02-08,official_repeat_list
